<annotation>
	<folder>collectedimages</folder>
	<filename>iloveyou7002ef14-cfa3-11ec-a56f-c4b301bc60b7.jpg</filename>
	<path>/Users/iliaogoltsov/Documents/study/kpi/comp_electro_project/RealTimeObjectDetection/Tensorflow/workspace/images/collectedimages/iloveyou7002ef14-cfa3-11ec-a56f-c4b301bc60b7.jpg</path>
	<source>
		<database>Unknown</database>
	</source>
	<size>
		<width>1280</width>
		<height>720</height>
		<depth>3</depth>
	</size>
	<segmented>0</segmented>
	<object>
		<name>i love you</name>
		<pose>Unspecified</pose>
		<truncated>0</truncated>
		<difficult>0</difficult>
		<bndbox>
			<xmin>753</xmin>
			<ymin>258</ymin>
			<xmax>1108</xmax>
			<ymax>663</ymax>
		</bndbox>
	</object>
</annotation>
